<?xml version="1.0" ?>
<Azadi version="1.0">
	<Screen x="1024" y="768">
		<Button name="Quit" x="0" y="0" width="100" height="50">
			<Texture name="Quit.png" />
		</Button>
		<MessageArea name="chat" x="0" y="0" width="400" height="30" font="LillyUPC.ttf" point="24" maxlines="2">
			<TextOffset x="8" y="19" />
			<Texture name="rust1.png" />
		</MessageArea>
		<MessageArea name="Messages" x="5" y="390" width="404" height="172" font="LillyUPC.ttf" point="24" maxlines="8">
			<TextOffset x="8" y="37" />
			<Texture name="MessageBox.png" />
		</MessageArea>
		<NumericArea name="FPS" x="820" y="5" width="200" height="30" font="LillyUPC.ttf" point="24" type="float">
			<TextOffset x="78" y="20" />
			<Texture name="FPSCounter.png" />
		</NumericArea>
		<JukeBox x="0" y="0" width="400" height="533" maxvis="20" font="LillyUPC.ttf" pointsize1="24" pointsize2="20" pointsize3="16">
			<NowPlayingOffset x="49" y="55" maxwidth="30"/>
			<TextOffset x="49" y="203" maxwidth="45" />
			<Volume x="19" y="116" width="265" height="13" />
			<Texture name="JukeBox.png" />
		</JukeBox>
	</Screen>
</Azadi>
