<?xml version="1.0"?>
<!--Testing castle 1-->
<!--position is front/left/back/right and distance is the total width sum of the previous side -->
		<castle>
			<side position="f" distance="0"> 
				<block width="2.0" height="5.0">
				<block width="2.0" height="5.0">
				<block width="5.0" height="9.0">
				<block width="9.0" height="2.0">
				<block width="5.0" height="9.0">
				<block width="2.0" height="5.0">
				<block width="2.0" height="5.0">
			</side>
			<side position="l" distance="27">
				<block width="1.0" height="12.0">
				<block width="4.0" height="2.0">
				<block width="4.0" height="2.0">
				<block width="4.0" height="2.0">
				<block width="4.0" height="2.0">
				<block width="1.0" height="12.0">
			</side>
			<side position="b" distance="18">
				<block width="2.0" height="5.0">
				<block width="2.0" height="5.0">
				<block width="5.0" height="9.0">
				<block width="9.0" height="2.0">
				<block width="5.0" height="9.0">
				<block width="2.0" height="5.0">
				<block width="2.0" height="5.0">

			</side>
			<side position="r" distance="27">
				<block width="1.0" height="12.0">
				<block width="4.0" height="2.0">
				<block width="4.0" height="2.0">
				<block width="4.0" height="2.0">
				<block width="4.0" height="2.0">
				<block width="1.0" height="12.0">
			</side>
		</castle>
